origin,origin_time,ref_time,ref_url,uid,domain,subdomain,fake_domain,msm_domain,media_label
facebook.com,1451646898.0,1451646970.0,https://www.breitbart.com/,16,breitbart.com,,,,fake
reddit.com,1451817028.0,1451817157.0,https://www.amazon.com/,2,amazon.com,,,,other
reddit.com,1452204723.0,1452204725.0,https://www.breitbart.com/,20,breitbart.com,,,,fake
facebook.com,1452204729.0,1452204730.0,https://www.amazon.com/,13,amazon.com,,,,other
twitter.com,1452290644.0,1452290672.0,https://www.amazon.com/,3,amazon.com,,,,other
twitter.com,1452813299.0,1452813365.0,https://www.nytimes.com/,18,nytimes.com,,,,msm
reddit.com,1453419168.0,1453419197.0,https://www.breitbart.com/,24,breitbart.com,,,,fake
twitter.com,1453419303.0,1453419305.0,https://www.amazon.com/,9,amazon.com,,,,other
twitter.com,1453419502.0,1453419510.0,https://www.amazon.com/,15,amazon.com,,,,other
reddit.com,1453419573.0,1453419575.0,https://www.amazon.com/,3,amazon.com,,,,other
reddit.com,1453419754.0,1453419805.0,https://www.amazon.com/,8,amazon.com,,,,other
twitter.com,1453419945.0,1453420006.0,https://www.amazon.com/,6,amazon.com,,,,other
facebook.com,1453420107.0,1453420158.0,https://www.amazon.com/,24,amazon.com,,,,other
reddit.com,1453420176.0,1453420182.0,https://www.nytimes.com/,20,nytimes.com,,,,msm
reddit.com,1453420329.0,1453420347.0,https://www.nytimes.com/,23,nytimes.com,,,,msm
facebook.com,1453420549.0,1453420554.0,https://www.amazon.com/,10,amazon.com,,,,other
twitter.com,1453420636.0,1453420641.0,https://www.amazon.com/,4,amazon.com,,,,other
twitter.com,1453420659.0,1453420726.0,https://www.amazon.com/,6,amazon.com,,,,other
reddit.com,1453420814.0,1453420815.0,https://www.breitbart.com/,17,breitbart.com,,,,fake
facebook.com,1453420902.0,1453420955.0,https://www.amazon.com/,7,amazon.com,,,,other
facebook.com,1453420976.0,1453421060.0,https://www.nytimes.com/,21,nytimes.com,,,,msm
twitter.com,1453421079.0,1453421114.0,https://www.amazon.com/,22,amazon.com,,,,other
facebook.com,1453421193.0,1453421251.0,https://www.nytimes.com/,20,nytimes.com,,,,msm
twitter.com,1453421331.0,1453421374.0,https://www.breitbart.com/,19,breitbart.com,,,,fake
twitter.com,1453421453.0,1453421521.0,https://www.amazon.com/,18,amazon.com,,,,other
twitter.com,1453421888.0,1453421984.0,https://www.amazon.com/,6,amazon.com,,,,other
reddit.com,1453495419.0,1453495426.0,https://www.amazon.com/,11,amazon.com,,,,other
reddit.com,1453495496.0,1453495526.0,https://www.amazon.com/,24,amazon.com,,,,other
twitter.com,1453495618.0,1453495634.0,https://www.amazon.com/,13,amazon.com,,,,other
reddit.com,1453495678.0,1453495699.0,https://www.amazon.com/,1,amazon.com,,,,other
reddit.com,1453495888.0,1453495907.0,https://www.amazon.com/,10,amazon.com,,,,other
facebook.com,1453496124.0,1453496128.0,https://www.breitbart.com/,21,breitbart.com,,,,fake
facebook.com,1453497503.0,1453497508.0,https://www.amazon.com/,7,amazon.com,,,,other
reddit.com,1453497525.0,1453497534.0,https://www.amazon.com/,10,amazon.com,,,,other
reddit.com,1453497638.0,1453497680.0,https://www.nytimes.com/,16,nytimes.com,,,,msm
twitter.com,1453497697.0,1453497708.0,https://www.amazon.com/,2,amazon.com,,,,other
facebook.com,1453497744.0,1453497761.0,https://www.amazon.com/,24,amazon.com,,,,other
twitter.com,1453497859.0,1453497926.0,https://www.amazon.com/,15,amazon.com,,,,other
facebook.com,1453497961.0,1453497971.0,https://www.amazon.com/,7,amazon.com,,,,other
reddit.com,1453498001.0,1453498021.0,https://www.amazon.com/,13,amazon.com,,,,other
reddit.com,1453498056.0,1453498107.0,https://www.breitbart.com/,17,breitbart.com,,,,fake
twitter.com,1453536386.0,1453536396.0,https://www.amazon.com/,3,amazon.com,,,,other
reddit.com,1453536470.0,1453536477.0,https://www.amazon.com/,16,amazon.com,,,,other
reddit.com,1453536514.0,1453536524.0,https://www.amazon.com/,6,amazon.com,,,,other
reddit.com,1453537311.0,1453537511.0,https://www.amazon.com/,21,amazon.com,,,,other
twitter.com,1453623324.0,1453623340.0,https://www.breitbart.com/,18,breitbart.com,,,,fake
twitter.com,1453623711.0,1453623716.0,https://www.amazon.com/,19,amazon.com,,,,other
facebook.com,1453941316.0,1453941480.0,https://www.breitbart.com/,23,breitbart.com,,,,fake
twitter.com,1453985958.0,1453986020.0,https://www.amazon.com/,3,amazon.com,,,,other
twitter.com,1451607293.0,1451607390.0,https://www.amazon.com/,13,amazon.com,,,,other
facebook.com,1451608555.0,1451608681.0,https://www.amazon.com/,11,amazon.com,,,,other
twitter.com,1451609106.0,1451609157.0,https://www.amazon.com/,12,amazon.com,,,,other
facebook.com,1451609318.0,1451609388.0,https://www.amazon.com/,3,amazon.com,,,,other
facebook.com,1451664256.0,1451664259.0,https://www.amazon.com/,8,amazon.com,,,,other
twitter.com,1451664267.0,1451664279.0,https://www.amazon.com/,7,amazon.com,,,,other
facebook.com,1451664317.0,1451664318.0,https://www.amazon.com/,12,amazon.com,,,,other
facebook.com,1451665800.0,1451665818.0,https://www.amazon.com/,12,amazon.com,,,,other
facebook.com,1451665855.0,1451665881.0,https://www.breitbart.com/,16,breitbart.com,,,,fake
twitter.com,1451666073.0,1451666166.0,https://www.nytimes.com/,23,nytimes.com,,,,msm
twitter.com,1451667025.0,1451667026.0,https://www.nytimes.com/,23,nytimes.com,,,,msm
twitter.com,1451667076.0,1451667102.0,https://www.nytimes.com/,17,nytimes.com,,,,msm
twitter.com,1451667932.0,1451668030.0,https://www.nytimes.com/,18,nytimes.com,,,,msm
reddit.com,1451669829.0,1451669867.0,https://www.amazon.com/,2,amazon.com,,,,other
facebook.com,1451672014.0,1451672066.0,https://www.amazon.com/,16,amazon.com,,,,other
twitter.com,1451672831.0,1451672883.0,https://www.amazon.com/,19,amazon.com,,,,other
twitter.com,1451673488.0,1451673507.0,https://www.amazon.com/,7,amazon.com,,,,other
reddit.com,1451674419.0,1451674443.0,https://www.amazon.com/,23,amazon.com,,,,other
facebook.com,1451674445.0,1451674521.0,https://www.amazon.com/,7,amazon.com,,,,other
twitter.com,1451674522.0,1451674555.0,https://www.breitbart.com/,20,breitbart.com,,,,fake
twitter.com,1451675106.0,1451675128.0,https://www.amazon.com/,11,amazon.com,,,,other
twitter.com,1451675162.0,1451675165.0,https://www.breitbart.com/,22,breitbart.com,,,,fake
facebook.com,1451675437.0,1451675480.0,https://www.nytimes.com/,22,nytimes.com,,,,msm
twitter.com,1451683780.0,1451683804.0,https://www.breitbart.com/,20,breitbart.com,,,,fake
facebook.com,1451684691.0,1451684712.0,https://www.amazon.com/,3,amazon.com,,,,other
twitter.com,1451685377.0,1451685536.0,https://www.amazon.com/,4,amazon.com,,,,other
facebook.com,1451685537.0,1451685569.0,https://www.amazon.com/,5,amazon.com,,,,other
facebook.com,1451747400.0,1451747457.0,https://www.amazon.com/,17,amazon.com,,,,other
reddit.com,1451749113.0,1451749588.0,https://www.amazon.com/,2,amazon.com,,,,other
reddit.com,1451749589.0,1451749618.0,https://www.breitbart.com/,24,breitbart.com,,,,fake
twitter.com,1451751385.0,1451751739.0,https://www.amazon.com/,2,amazon.com,,,,other
facebook.com,1451753340.0,1451753373.0,https://www.amazon.com/,9,amazon.com,,,,other
facebook.com,1451756999.0,1451757183.0,https://www.nytimes.com/,21,nytimes.com,,,,msm
facebook.com,1451760896.0,1451760969.0,https://www.nytimes.com/,22,nytimes.com,,,,msm
facebook.com,1451761752.0,1451761896.0,https://www.amazon.com/,18,amazon.com,,,,other
reddit.com,1451762607.0,1451762624.0,https://www.amazon.com/,24,amazon.com,,,,other
facebook.com,1451763569.0,1451763709.0,https://www.amazon.com/,10,amazon.com,,,,other
facebook.com,1451763718.0,1451763754.0,https://www.amazon.com/,5,amazon.com,,,,other
twitter.com,1451763901.0,1451764103.0,https://www.amazon.com/,12,amazon.com,,,,other
twitter.com,1451764468.0,1451764519.0,https://www.amazon.com/,12,amazon.com,,,,other
twitter.com,1451767145.0,1451767207.0,https://www.amazon.com/,22,amazon.com,,,,other
facebook.com,1451769089.0,1451769120.0,https://www.amazon.com/,2,amazon.com,,,,other
facebook.com,1451830328.0,1451830613.0,https://www.nytimes.com/,18,nytimes.com,,,,msm
facebook.com,1451832714.0,1451832818.0,https://www.breitbart.com/,18,breitbart.com,,,,fake
reddit.com,1451832874.0,14518,https://www.amazon.com/,20,amazon.com,,,,other
facebook.com,20,amazon.com,https://www.amazon.com/,15,amazon.com,,,,other
